[{"model": "admin.logentry", "pk": 1, "fields": {"action_time": "2022-08-15T13:08:28.628Z", "user": 1, "content_type": 7, "object_id": "7", "object_repr": "Location object (7)", "action_flag": 3, "change_message": ""}}, {"model": "admin.logentry", "pk": 2, "fields": {"action_time": "2022-08-15T13:08:28.631Z", "user": 1, "content_type": 7, "object_id": "6", "object_repr": "Location object (6)", "action_flag": 3, "change_message": ""}}, {"model": "admin.logentry", "pk": 3, "fields": {"action_time": "2022-08-15T13:08:28.632Z", "user": 1, "content_type": 7, "object_id": "5", "object_repr": "Location object (5)", "action_flag": 3, "change_message": ""}}, {"model": "admin.logentry", "pk": 4, "fields": {"action_time": "2022-08-15T13:08:28.633Z", "user": 1, "content_type": 7, "object_id": "4", "object_repr": "Location object (4)", "action_flag": 3, "change_message": ""}}, {"model": "admin.logentry", "pk": 5, "fields": {"action_time": "2022-08-15T13:08:28.634Z", "user": 1, "content_type": 7, "object_id": "3", "object_repr": "Location object (3)", "action_flag": 3, "change_message": ""}}, {"model": "admin.logentry", "pk": 6, "fields": {"action_time": "2022-08-15T13:08:28.635Z", "user": 1, "content_type": 7, "object_id": "2", "object_repr": "Location object (2)", "action_flag": 3, "change_message": ""}}, {"model": "admin.logentry", "pk": 7, "fields": {"action_time": "2022-08-15T13:08:28.636Z", "user": 1, "content_type": 7, "object_id": "1", "object_repr": "Location object (1)", "action_flag": 3, "change_message": ""}}, {"model": "admin.logentry", "pk": 8, "fields": {"action_time": "2022-08-16T04:43:36.236Z", "user": 1, "content_type": 7, "object_id": "12", "object_repr": "test", "action_flag": 3, "change_message": ""}}, {"model": "admin.logentry", "pk": 9, "fields": {"action_time": "2022-08-16T04:43:36.242Z", "user": 1, "content_type": 7, "object_id": "11", "object_repr": "test", "action_flag": 3, "change_message": ""}}, {"model": "admin.logentry", "pk": 10, "fields": {"action_time": "2022-08-16T04:43:36.244Z", "user": 1, "content_type": 7, "object_id": "10", "object_repr": "test", "action_flag": 3, "change_message": ""}}, {"model": "admin.logentry", "pk": 11, "fields": {"action_time": "2022-08-16T04:43:36.246Z", "user": 1, "content_type": 7, "object_id": "9", "object_repr": "test", "action_flag": 3, "change_message": ""}}, {"model": "admin.logentry", "pk": 12, "fields": {"action_time": "2022-08-16T04:43:36.248Z", "user": 1, "content_type": 7, "object_id": "8", "object_repr": "test", "action_flag": 3, "change_message": ""}}, {"model": "admin.logentry", "pk": 13, "fields": {"action_time": "2022-08-16T04:44:43.195Z", "user": 1, "content_type": 7, "object_id": "13", "object_repr": "test", "action_flag": 2, "change_message": "[{\"changed\": {\"fields\": [\"Data\"]}}]"}}, {"model": "admin.logentry", "pk": 14, "fields": {"action_time": "2022-08-16T05:36:43.239Z", "user": 1, "content_type": 8, "object_id": "1", "object_repr": "Plumbers", "action_flag": 1, "change_message": "[{\"added\": {}}]"}}, {"model": "admin.logentry", "pk": 15, "fields": {"action_time": "2022-08-16T05:37:24.961Z", "user": 1, "content_type": 8, "object_id": "2", "object_repr": "Cleaning and Pest Control", "action_flag": 1, "change_message": "[{\"added\": {}}]"}}, {"model": "admin.logentry", "pk": 16, "fields": {"action_time": "2022-08-16T05:38:40.635Z", "user": 1, "content_type": 8, "object_id": "3", "object_repr": "Salon and Spa", "action_flag": 1, "change_message": "[{\"added\": {}}]"}}, {"model": "admin.logentry", "pk": 17, "fields": {"action_time": "2022-08-16T05:39:49.684Z", "user": 1, "content_type": 8, "object_id": "4", "object_repr": "Carpenters", "action_flag": 1, "change_message": "[{\"added\": {}}]"}}, {"model": "admin.logentry", "pk": 18, "fields": {"action_time": "2022-08-16T05:40:52.627Z", "user": 1, "content_type": 8, "object_id": "5", "object_repr": "Electricians", "action_flag": 1, "change_message": "[{\"added\": {}}]"}}, {"model": "admin.logentry", "pk": 19, "fields": {"action_time": "2022-08-16T05:57:44.629Z", "user": 1, "content_type": 8, "object_id": "6", "object_repr": "AC / Appliance Repair", "action_flag": 1, "change_message": "[{\"added\": {}}]"}}, {"model": "admin.logentry", "pk": 20, "fields": {"action_time": "2022-08-16T06:13:07.513Z", "user": 1, "content_type": 9, "object_id": "1", "object_repr": "Service object (1)", "action_flag": 1, "change_message": "[{\"added\": {}}]"}}, {"model": "admin.logentry", "pk": 21, "fields": {"action_time": "2022-08-16T06:15:45.645Z", "user": 1, "content_type": 9, "object_id": "2", "object_repr": "Service object (2)", "action_flag": 1, "change_message": "[{\"added\": {}}]"}}, {"model": "admin.logentry", "pk": 22, "fields": {"action_time": "2022-08-16T10:38:36.818Z", "user": 1, "content_type": 11, "object_id": "2", "object_repr": "yash260801@gmail.com", "action_flag": 2, "change_message": "[{\"changed\": {\"fields\": [\"Is vendor approved\"]}}]"}}, {"model": "admin.logentry", "pk": 23, "fields": {"action_time": "2022-08-16T13:15:14.906Z", "user": 1, "content_type": 8, "object_id": "1", "object_repr": "Plumbers", "action_flag": 2, "change_message": "[]"}}, {"model": "admin.logentry", "pk": 24, "fields": {"action_time": "2022-08-16T13:15:36.629Z", "user": 1, "content_type": 8, "object_id": "1", "object_repr": "Plumbers", "action_flag": 2, "change_message": "[{\"added\": {\"name\": \"service\", \"object\": \"Service object (3)\"}}]"}}, {"model": "admin.logentry", "pk": 25, "fields": {"action_time": "2022-08-17T11:11:23.534Z", "user": 1, "content_type": 8, "object_id": "5", "object_repr": "Electricians", "action_flag": 2, "change_message": "[{\"changed\": {\"name\": \"service\", \"object\": \"Service object (4)\", \"fields\": [\"Service image\"]}}]"}}, {"model": "admin.logentry", "pk": 26, "fields": {"action_time": "2022-08-17T11:14:20.725Z", "user": 1, "content_type": 9, "object_id": "5", "object_repr": "Service object (5)", "action_flag": 2, "change_message": "[{\"changed\": {\"fields\": [\"Location\"]}}]"}}, {"model": "admin.logentry", "pk": 27, "fields": {"action_time": "2022-08-17T11:14:33.491Z", "user": 1, "content_type": 9, "object_id": "5", "object_repr": "Service object (5)", "action_flag": 2, "change_message": "[{\"changed\": {\"fields\": [\"Service image\"]}}]"}}, {"model": "admin.logentry", "pk": 28, "fields": {"action_time": "2022-08-17T11:22:21.341Z", "user": 1, "content_type": 8, "object_id": "6", "object_repr": "AC / Appliance Repair", "action_flag": 2, "change_message": "[{\"added\": {\"name\": \"service\", \"object\": \"Service object (6)\"}}]"}}, {"model": "admin.logentry", "pk": 29, "fields": {"action_time": "2022-08-17T11:23:44.402Z", "user": 1, "content_type": 9, "object_id": "6", "object_repr": "Service object (6)", "action_flag": 2, "change_message": "[{\"changed\": {\"fields\": [\"Service time\", \"Description\", \"City\", \"Location\", \"Is approved\"]}}]"}}, {"model": "admin.logentry", "pk": 30, "fields": {"action_time": "2022-08-17T14:14:33.583Z", "user": 1, "content_type": 12, "object_id": "1", "object_repr": "about_us", "action_flag": 1, "change_message": "[{\"added\": {}}]"}}, {"model": "admin.logentry", "pk": 31, "fields": {"action_time": "2022-08-17T14:15:21.716Z", "user": 1, "content_type": 12, "object_id": "1", "object_repr": "about_us", "action_flag": 2, "change_message": "[{\"changed\": {\"fields\": [\"Content\"]}}]"}}, {"model": "admin.logentry", "pk": 32, "fields": {"action_time": "2022-08-17T14:17:04.942Z", "user": 1, "content_type": 12, "object_id": "1", "object_repr": "about_us", "action_flag": 2, "change_message": "[{\"changed\": {\"fields\": [\"Content\"]}}]"}}, {"model": "admin.logentry", "pk": 33, "fields": {"action_time": "2022-08-17T14:17:29.330Z", "user": 1, "content_type": 12, "object_id": "1", "object_repr": "about_us", "action_flag": 2, "change_message": "[{\"changed\": {\"fields\": [\"Content\"]}}]"}}, {"model": "admin.logentry", "pk": 34, "fields": {"action_time": "2022-08-18T06:21:15.785Z", "user": 1, "content_type": 12, "object_id": "1", "object_repr": "about_us", "action_flag": 2, "change_message": "[{\"changed\": {\"fields\": [\"Content\"]}}]"}}, {"model": "admin.logentry", "pk": 35, "fields": {"action_time": "2022-08-18T06:21:39.765Z", "user": 1, "content_type": 12, "object_id": "1", "object_repr": "about_us", "action_flag": 2, "change_message": "[{\"changed\": {\"fields\": [\"Content\"]}}]"}}, {"model": "admin.logentry", "pk": 36, "fields": {"action_time": "2022-08-18T06:27:19.362Z", "user": 1, "content_type": 12, "object_id": "1", "object_repr": "about_us", "action_flag": 2, "change_message": "[{\"changed\": {\"fields\": [\"Content\"]}}]"}}, {"model": "admin.logentry", "pk": 37, "fields": {"action_time": "2022-08-18T07:04:42.312Z", "user": 1, "content_type": 12, "object_id": "1", "object_repr": "about_us", "action_flag": 2, "change_message": "[{\"changed\": {\"fields\": [\"Content\"]}}]"}}, {"model": "admin.logentry", "pk": 38, "fields": {"action_time": "2022-08-18T07:08:07.833Z", "user": 1, "content_type": 12, "object_id": "2", "object_repr": "about_us2", "action_flag": 1, "change_message": "[{\"added\": {}}]"}}, {"model": "admin.logentry", "pk": 39, "fields": {"action_time": "2022-08-18T07:08:55.576Z", "user": 1, "content_type": 12, "object_id": "2", "object_repr": "about_us2", "action_flag": 2, "change_message": "[{\"changed\": {\"fields\": [\"Content\"]}}]"}}, {"model": "admin.logentry", "pk": 40, "fields": {"action_time": "2022-08-18T07:10:05.881Z", "user": 1, "content_type": 12, "object_id": "2", "object_repr": "about_us2", "action_flag": 2, "change_message": "[{\"changed\": {\"fields\": [\"Content\"]}}]"}}, {"model": "admin.logentry", "pk": 41, "fields": {"action_time": "2022-08-18T07:10:55.226Z", "user": 1, "content_type": 12, "object_id": "2", "object_repr": "about_us2", "action_flag": 2, "change_message": "[{\"changed\": {\"fields\": [\"Content\"]}}]"}}, {"model": "admin.logentry", "pk": 42, "fields": {"action_time": "2022-08-18T07:11:43.056Z", "user": 1, "content_type": 12, "object_id": "2", "object_repr": "about_us2", "action_flag": 2, "change_message": "[{\"changed\": {\"fields\": [\"Content\"]}}]"}}, {"model": "admin.logentry", "pk": 43, "fields": {"action_time": "2022-08-18T07:13:49.907Z", "user": 1, "content_type": 12, "object_id": "2", "object_repr": "about_us2", "action_flag": 2, "change_message": "[{\"changed\": {\"fields\": [\"Content\"]}}]"}}, {"model": "admin.logentry", "pk": 44, "fields": {"action_time": "2022-08-18T07:16:58.999Z", "user": 1, "content_type": 12, "object_id": "2", "object_repr": "about_us2", "action_flag": 2, "change_message": "[{\"changed\": {\"fields\": [\"Content\"]}}]"}}, {"model": "admin.logentry", "pk": 45, "fields": {"action_time": "2022-08-18T07:17:25.226Z", "user": 1, "content_type": 12, "object_id": "1", "object_repr": "about_us", "action_flag": 2, "change_message": "[{\"changed\": {\"fields\": [\"Content\"]}}]"}}, {"model": "admin.logentry", "pk": 46, "fields": {"action_time": "2022-08-18T07:29:05.483Z", "user": 1, "content_type": 12, "object_id": "2", "object_repr": "what_we_are", "action_flag": 2, "change_message": "[{\"changed\": {\"fields\": [\"Name\"]}}]"}}, {"model": "admin.logentry", "pk": 47, "fields": {"action_time": "2022-08-18T07:29:26.663Z", "user": 1, "content_type": 12, "object_id": "1", "object_repr": "how_we_do_it", "action_flag": 2, "change_message": "[{\"changed\": {\"fields\": [\"Name\", \"Content\"]}}]"}}, {"model": "admin.logentry", "pk": 48, "fields": {"action_time": "2022-08-18T08:40:25.078Z", "user": 1, "content_type": 9, "object_id": "6", "object_repr": "Service object (6)", "action_flag": 2, "change_message": "[]"}}, {"model": "admin.logentry", "pk": 49, "fields": {"action_time": "2022-08-18T08:40:39.654Z", "user": 1, "content_type": 9, "object_id": "9", "object_repr": "Service object (9)", "action_flag": 2, "change_message": "[{\"changed\": {\"fields\": [\"Location\", \"Is approved\"]}}]"}}, {"model": "admin.logentry", "pk": 50, "fields": {"action_time": "2022-08-18T08:40:50.874Z", "user": 1, "content_type": 9, "object_id": "5", "object_repr": "Service object (5)", "action_flag": 2, "change_message": "[{\"changed\": {\"fields\": [\"Is approved\"]}}]"}}, {"model": "admin.logentry", "pk": 51, "fields": {"action_time": "2022-08-18T08:41:07.183Z", "user": 1, "content_type": 9, "object_id": "4", "object_repr": "Service object (4)", "action_flag": 2, "change_message": "[{\"changed\": {\"fields\": [\"Location\", \"Is approved\"]}}]"}}, {"model": "admin.logentry", "pk": 52, "fields": {"action_time": "2022-08-23T06:16:51.072Z", "user": 1, "content_type": 9, "object_id": "10", "object_repr": "Tables & Chair Repair", "action_flag": 1, "change_message": "[{\"added\": {}}]"}}, {"model": "admin.logentry", "pk": 53, "fields": {"action_time": "2022-08-23T06:19:09.814Z", "user": 1, "content_type": 9, "object_id": "11", "object_repr": "Office Chair Rapier", "action_flag": 1, "change_message": "[{\"added\": {}}]"}}, {"model": "admin.logentry", "pk": 54, "fields": {"action_time": "2022-08-23T10:09:51.564Z", "user": 1, "content_type": 9, "object_id": "11", "object_repr": "Office Chair Rapier", "action_flag": 2, "change_message": "[{\"changed\": {\"fields\": [\"Is active\"]}}]"}}, {"model": "admin.logentry", "pk": 55, "fields": {"action_time": "2022-08-23T10:09:58.315Z", "user": 1, "content_type": 9, "object_id": "5", "object_repr": "Pest Controlling in Home", "action_flag": 2, "change_message": "[{\"changed\": {\"fields\": [\"Is active\"]}}]"}}, {"model": "admin.logentry", "pk": 56, "fields": {"action_time": "2022-08-23T10:10:06.338Z", "user": 1, "content_type": 9, "object_id": "1", "object_repr": "Deep clean AC service (window)", "action_flag": 2, "change_message": "[{\"changed\": {\"fields\": [\"Is active\"]}}]"}}, {"model": "admin.logentry", "pk": 57, "fields": {"action_time": "2022-08-23T10:23:53.592Z", "user": 1, "content_type": 9, "object_id": "10", "object_repr": "Tables & Chair Repair", "action_flag": 2, "change_message": "[{\"changed\": {\"fields\": [\"Is active\"]}}]"}}, {"model": "admin.logentry", "pk": 58, "fields": {"action_time": "2022-08-23T10:24:00.327Z", "user": 1, "content_type": 9, "object_id": "9", "object_repr": "Spa for women's", "action_flag": 2, "change_message": "[{\"changed\": {\"fields\": [\"Is active\"]}}]"}}, {"model": "admin.logentry", "pk": 59, "fields": {"action_time": "2022-08-23T10:24:05.913Z", "user": 1, "content_type": 9, "object_id": "6", "object_repr": "Full AC Repair (window/split)", "action_flag": 2, "change_message": "[{\"changed\": {\"fields\": [\"Is active\"]}}]"}}, {"model": "admin.logentry", "pk": 60, "fields": {"action_time": "2022-08-23T10:24:11.867Z", "user": 1, "content_type": 9, "object_id": "4", "object_repr": "Switches Repair/Change", "action_flag": 2, "change_message": "[{\"changed\": {\"fields\": [\"Is active\"]}}]"}}, {"model": "admin.logentry", "pk": 61, "fields": {"action_time": "2022-08-23T10:24:16.989Z", "user": 1, "content_type": 9, "object_id": "2", "object_repr": "Glow Getter", "action_flag": 2, "change_message": "[{\"changed\": {\"fields\": [\"Is active\"]}}]"}}, {"model": "admin.logentry", "pk": 62, "fields": {"action_time": "2022-08-23T10:52:42.687Z", "user": 1, "content_type": 7, "object_id": "24", "object_repr": "test", "action_flag": 3, "change_message": ""}}, {"model": "admin.logentry", "pk": 63, "fields": {"action_time": "2022-08-23T10:52:42.690Z", "user": 1, "content_type": 7, "object_id": "23", "object_repr": "test", "action_flag": 3, "change_message": ""}}, {"model": "admin.logentry", "pk": 64, "fields": {"action_time": "2022-08-23T10:52:42.691Z", "user": 1, "content_type": 7, "object_id": "22", "object_repr": "test", "action_flag": 3, "change_message": ""}}, {"model": "admin.logentry", "pk": 65, "fields": {"action_time": "2022-08-23T10:52:42.692Z", "user": 1, "content_type": 7, "object_id": "21", "object_repr": "test", "action_flag": 3, "change_message": ""}}, {"model": "admin.logentry", "pk": 66, "fields": {"action_time": "2022-08-23T10:52:42.693Z", "user": 1, "content_type": 7, "object_id": "19", "object_repr": "test", "action_flag": 3, "change_message": ""}}, {"model": "admin.logentry", "pk": 67, "fields": {"action_time": "2022-08-23T10:52:42.694Z", "user": 1, "content_type": 7, "object_id": "18", "object_repr": "test", "action_flag": 3, "change_message": ""}}, {"model": "admin.logentry", "pk": 68, "fields": {"action_time": "2022-08-23T10:52:42.696Z", "user": 1, "content_type": 7, "object_id": "14", "object_repr": "test", "action_flag": 3, "change_message": ""}}, {"model": "admin.logentry", "pk": 69, "fields": {"action_time": "2022-08-23T10:52:42.698Z", "user": 1, "content_type": 7, "object_id": "13", "object_repr": "test", "action_flag": 3, "change_message": ""}}, {"model": "admin.logentry", "pk": 70, "fields": {"action_time": "2022-08-23T13:01:40.150Z", "user": 1, "content_type": 9, "object_id": "10", "object_repr": "Tables & Chair Repair", "action_flag": 2, "change_message": "[{\"changed\": {\"fields\": [\"Is active\"]}}]"}}, {"model": "admin.logentry", "pk": 71, "fields": {"action_time": "2022-08-23T13:03:53.558Z", "user": 1, "content_type": 9, "object_id": "4", "object_repr": "Switches Repair/Change", "action_flag": 2, "change_message": "[{\"changed\": {\"fields\": [\"Is active\"]}}]"}}, {"model": "admin.logentry", "pk": 72, "fields": {"action_time": "2022-08-23T13:06:35.885Z", "user": 1, "content_type": 9, "object_id": "1", "object_repr": "Deep clean AC service (window)", "action_flag": 2, "change_message": "[{\"changed\": {\"fields\": [\"Is active\"]}}]"}}, {"model": "admin.logentry", "pk": 73, "fields": {"action_time": "2022-08-24T05:41:43.997Z", "user": 1, "content_type": 9, "object_id": "10", "object_repr": "Tables & Chair Repair", "action_flag": 2, "change_message": "[{\"changed\": {\"fields\": [\"Is active\"]}}]"}}, {"model": "admin.logentry", "pk": 74, "fields": {"action_time": "2022-08-24T05:57:00.289Z", "user": 1, "content_type": 9, "object_id": "11", "object_repr": "Office Chair Rapier", "action_flag": 2, "change_message": "[{\"changed\": {\"fields\": [\"Is approved\"]}}]"}}, {"model": "admin.logentry", "pk": 75, "fields": {"action_time": "2022-08-24T05:57:05.593Z", "user": 1, "content_type": 9, "object_id": "5", "object_repr": "Pest Controlling in Home", "action_flag": 2, "change_message": "[{\"changed\": {\"fields\": [\"Is approved\"]}}]"}}, {"model": "admin.logentry", "pk": 76, "fields": {"action_time": "2022-08-25T09:07:44.535Z", "user": 1, "content_type": 9, "object_id": "4", "object_repr": "Switches Repair/Change", "action_flag": 2, "change_message": "[{\"changed\": {\"fields\": [\"Is active\"]}}]"}}, {"model": "admin.logentry", "pk": 77, "fields": {"action_time": "2022-08-25T09:07:52.436Z", "user": 1, "content_type": 9, "object_id": "1", "object_repr": "Deep clean AC service (window)", "action_flag": 2, "change_message": "[{\"changed\": {\"fields\": [\"Is active\"]}}]"}}, {"model": "admin.logentry", "pk": 78, "fields": {"action_time": "2022-08-25T09:08:10.324Z", "user": 1, "content_type": 9, "object_id": "15", "object_repr": "Cleaning Home", "action_flag": 2, "change_message": "[{\"changed\": {\"fields\": [\"Location\", \"Is active\"]}}]"}}, {"model": "admin.logentry", "pk": 79, "fields": {"action_time": "2022-08-25T09:08:58.082Z", "user": 1, "content_type": 9, "object_id": "15", "object_repr": "Cleaning Home", "action_flag": 2, "change_message": "[{\"changed\": {\"fields\": [\"Category\"]}}]"}}, {"model": "admin.logentry", "pk": 80, "fields": {"action_time": "2022-08-25T10:28:23.026Z", "user": 1, "content_type": 12, "object_id": "2", "object_repr": "what_we_are", "action_flag": 2, "change_message": "[{\"changed\": {\"fields\": [\"Content\"]}}]"}}, {"model": "admin.logentry", "pk": 81, "fields": {"action_time": "2022-08-25T10:28:48.481Z", "user": 1, "content_type": 12, "object_id": "1", "object_repr": "how_we_do_it", "action_flag": 2, "change_message": "[{\"changed\": {\"fields\": [\"Content\"]}}]"}}, {"model": "admin.logentry", "pk": 82, "fields": {"action_time": "2022-08-25T10:29:03.685Z", "user": 1, "content_type": 12, "object_id": "2", "object_repr": "what_we_are", "action_flag": 2, "change_message": "[{\"changed\": {\"fields\": [\"Content\"]}}]"}}, {"model": "admin.logentry", "pk": 83, "fields": {"action_time": "2022-08-25T10:29:26.033Z", "user": 1, "content_type": 12, "object_id": "1", "object_repr": "how_we_do_it", "action_flag": 2, "change_message": "[{\"changed\": {\"fields\": [\"Content\"]}}]"}}, {"model": "admin.logentry", "pk": 84, "fields": {"action_time": "2022-08-29T09:10:22.549Z", "user": 1, "content_type": 8, "object_id": "6", "object_repr": "AC / Appliance Repair", "action_flag": 2, "change_message": "[{\"changed\": {\"fields\": [\"Slug\"]}}]"}}, {"model": "admin.logentry", "pk": 85, "fields": {"action_time": "2022-08-29T09:10:39.171Z", "user": 1, "content_type": 8, "object_id": "5", "object_repr": "Electricians", "action_flag": 2, "change_message": "[{\"changed\": {\"fields\": [\"Slug\"]}}]"}}, {"model": "admin.logentry", "pk": 86, "fields": {"action_time": "2022-08-29T09:10:46.443Z", "user": 1, "content_type": 8, "object_id": "4", "object_repr": "Carpenters", "action_flag": 2, "change_message": "[{\"changed\": {\"fields\": [\"Slug\"]}}]"}}, {"model": "admin.logentry", "pk": 87, "fields": {"action_time": "2022-08-29T09:10:52.026Z", "user": 1, "content_type": 8, "object_id": "3", "object_repr": "Salon and Spa", "action_flag": 2, "change_message": "[{\"changed\": {\"fields\": [\"Slug\"]}}]"}}, {"model": "admin.logentry", "pk": 88, "fields": {"action_time": "2022-08-29T09:10:58.476Z", "user": 1, "content_type": 8, "object_id": "2", "object_repr": "Cleaning and Pest Control", "action_flag": 2, "change_message": "[{\"changed\": {\"fields\": [\"Slug\"]}}]"}}, {"model": "admin.logentry", "pk": 89, "fields": {"action_time": "2022-08-29T09:11:03.651Z", "user": 1, "content_type": 8, "object_id": "1", "object_repr": "Plumbers", "action_flag": 2, "change_message": "[{\"changed\": {\"fields\": [\"Slug\"]}}]"}}, {"model": "admin.logentry", "pk": 90, "fields": {"action_time": "2022-08-29T09:14:20.872Z", "user": 1, "content_type": 8, "object_id": "7", "object_repr": "Home Painting", "action_flag": 1, "change_message": "[{\"added\": {}}]"}}, {"model": "admin.logentry", "pk": 91, "fields": {"action_time": "2022-08-29T09:22:37.217Z", "user": 1, "content_type": 8, "object_id": "7", "object_repr": "Home Painting", "action_flag": 2, "change_message": "[]"}}, {"model": "admin.logentry", "pk": 92, "fields": {"action_time": "2022-08-29T09:24:30.540Z", "user": 1, "content_type": 8, "object_id": "8", "object_repr": "Men Theraples", "action_flag": 1, "change_message": "[{\"added\": {}}]"}}, {"model": "admin.logentry", "pk": 93, "fields": {"action_time": "2022-08-29T10:35:35.339Z", "user": 1, "content_type": 8, "object_id": "7", "object_repr": "Home Painting", "action_flag": 2, "change_message": "[{\"changed\": {\"fields\": [\"Category image\"]}}]"}}, {"model": "auth.permission", "pk": 1, "fields": {"name": "Can add log entry", "content_type": 1, "codename": "add_logentry"}}, {"model": "auth.permission", "pk": 2, "fields": {"name": "Can change log entry", "content_type": 1, "codename": "change_logentry"}}, {"model": "auth.permission", "pk": 3, "fields": {"name": "Can delete log entry", "content_type": 1, "codename": "delete_logentry"}}, {"model": "auth.permission", "pk": 4, "fields": {"name": "Can view log entry", "content_type": 1, "codename": "view_logentry"}}, {"model": "auth.permission", "pk": 5, "fields": {"name": "Can add permission", "content_type": 2, "codename": "add_permission"}}, {"model": "auth.permission", "pk": 6, "fields": {"name": "Can change permission", "content_type": 2, "codename": "change_permission"}}, {"model": "auth.permission", "pk": 7, "fields": {"name": "Can delete permission", "content_type": 2, "codename": "delete_permission"}}, {"model": "auth.permission", "pk": 8, "fields": {"name": "Can view permission", "content_type": 2, "codename": "view_permission"}}, {"model": "auth.permission", "pk": 9, "fields": {"name": "Can add group", "content_type": 3, "codename": "add_group"}}, {"model": "auth.permission", "pk": 10, "fields": {"name": "Can change group", "content_type": 3, "codename": "change_group"}}, {"model": "auth.permission", "pk": 11, "fields": {"name": "Can delete group", "content_type": 3, "codename": "delete_group"}}, {"model": "auth.permission", "pk": 12, "fields": {"name": "Can view group", "content_type": 3, "codename": "view_group"}}, {"model": "auth.permission", "pk": 13, "fields": {"name": "Can add content type", "content_type": 4, "codename": "add_contenttype"}}, {"model": "auth.permission", "pk": 14, "fields": {"name": "Can change content type", "content_type": 4, "codename": "change_contenttype"}}, {"model": "auth.permission", "pk": 15, "fields": {"name": "Can delete content type", "content_type": 4, "codename": "delete_contenttype"}}, {"model": "auth.permission", "pk": 16, "fields": {"name": "Can view content type", "content_type": 4, "codename": "view_contenttype"}}, {"model": "auth.permission", "pk": 17, "fields": {"name": "Can add session", "content_type": 5, "codename": "add_session"}}, {"model": "auth.permission", "pk": 18, "fields": {"name": "Can change session", "content_type": 5, "codename": "change_session"}}, {"model": "auth.permission", "pk": 19, "fields": {"name": "Can delete session", "content_type": 5, "codename": "delete_session"}}, {"model": "auth.permission", "pk": 20, "fields": {"name": "Can view session", "content_type": 5, "codename": "view_session"}}, {"model": "auth.permission", "pk": 21, "fields": {"name": "Can add user", "content_type": 6, "codename": "add_user"}}, {"model": "auth.permission", "pk": 22, "fields": {"name": "Can change user", "content_type": 6, "codename": "change_user"}}, {"model": "auth.permission", "pk": 23, "fields": {"name": "Can delete user", "content_type": 6, "codename": "delete_user"}}, {"model": "auth.permission", "pk": 24, "fields": {"name": "Can view user", "content_type": 6, "codename": "view_user"}}, {"model": "auth.permission", "pk": 25, "fields": {"name": "Can add location", "content_type": 7, "codename": "add_location"}}, {"model": "auth.permission", "pk": 26, "fields": {"name": "Can change location", "content_type": 7, "codename": "change_location"}}, {"model": "auth.permission", "pk": 27, "fields": {"name": "Can delete location", "content_type": 7, "codename": "delete_location"}}, {"model": "auth.permission", "pk": 28, "fields": {"name": "Can view location", "content_type": 7, "codename": "view_location"}}, {"model": "auth.permission", "pk": 29, "fields": {"name": "Can add service_category", "content_type": 8, "codename": "add_service_category"}}, {"model": "auth.permission", "pk": 30, "fields": {"name": "Can change service_category", "content_type": 8, "codename": "change_service_category"}}, {"model": "auth.permission", "pk": 31, "fields": {"name": "Can delete service_category", "content_type": 8, "codename": "delete_service_category"}}, {"model": "auth.permission", "pk": 32, "fields": {"name": "Can view service_category", "content_type": 8, "codename": "view_service_category"}}, {"model": "auth.permission", "pk": 33, "fields": {"name": "Can add service", "content_type": 9, "codename": "add_service"}}, {"model": "auth.permission", "pk": 34, "fields": {"name": "Can change service", "content_type": 9, "codename": "change_service"}}, {"model": "auth.permission", "pk": 35, "fields": {"name": "Can delete service", "content_type": 9, "codename": "delete_service"}}, {"model": "auth.permission", "pk": 36, "fields": {"name": "Can view service", "content_type": 9, "codename": "view_service"}}, {"model": "auth.permission", "pk": 37, "fields": {"name": "Can add otp verification", "content_type": 10, "codename": "add_otpverification"}}, {"model": "auth.permission", "pk": 38, "fields": {"name": "Can change otp verification", "content_type": 10, "codename": "change_otpverification"}}, {"model": "auth.permission", "pk": 39, "fields": {"name": "Can delete otp verification", "content_type": 10, "codename": "delete_otpverification"}}, {"model": "auth.permission", "pk": 40, "fields": {"name": "Can view otp verification", "content_type": 10, "codename": "view_otpverification"}}, {"model": "auth.permission", "pk": 41, "fields": {"name": "Can add vendor", "content_type": 11, "codename": "add_vendor"}}, {"model": "auth.permission", "pk": 42, "fields": {"name": "Can change vendor", "content_type": 11, "codename": "change_vendor"}}, {"model": "auth.permission", "pk": 43, "fields": {"name": "Can delete vendor", "content_type": 11, "codename": "delete_vendor"}}, {"model": "auth.permission", "pk": 44, "fields": {"name": "Can view vendor", "content_type": 11, "codename": "view_vendor"}}, {"model": "auth.permission", "pk": 45, "fields": {"name": "Can add pages_content", "content_type": 12, "codename": "add_pages_content"}}, {"model": "auth.permission", "pk": 46, "fields": {"name": "Can change pages_content", "content_type": 12, "codename": "change_pages_content"}}, {"model": "auth.permission", "pk": 47, "fields": {"name": "Can delete pages_content", "content_type": 12, "codename": "delete_pages_content"}}, {"model": "auth.permission", "pk": 48, "fields": {"name": "Can view pages_content", "content_type": 12, "codename": "view_pages_content"}}, {"model": "auth.permission", "pk": 49, "fields": {"name": "Can add auth token", "content_type": 13, "codename": "add_authtoken"}}, {"model": "auth.permission", "pk": 50, "fields": {"name": "Can change auth token", "content_type": 13, "codename": "change_authtoken"}}, {"model": "auth.permission", "pk": 51, "fields": {"name": "Can delete auth token", "content_type": 13, "codename": "delete_authtoken"}}, {"model": "auth.permission", "pk": 52, "fields": {"name": "Can view auth token", "content_type": 13, "codename": "view_authtoken"}}, {"model": "contenttypes.contenttype", "pk": 1, "fields": {"app_label": "admin", "model": "logentry"}}, {"model": "contenttypes.contenttype", "pk": 2, "fields": {"app_label": "auth", "model": "permission"}}, {"model": "contenttypes.contenttype", "pk": 3, "fields": {"app_label": "auth", "model": "group"}}, {"model": "contenttypes.contenttype", "pk": 4, "fields": {"app_label": "contenttypes", "model": "contenttype"}}, {"model": "contenttypes.contenttype", "pk": 5, "fields": {"app_label": "sessions", "model": "session"}}, {"model": "contenttypes.contenttype", "pk": 6, "fields": {"app_label": "helper_app", "model": "user"}}, {"model": "contenttypes.contenttype", "pk": 7, "fields": {"app_label": "helper_app", "model": "location"}}, {"model": "contenttypes.contenttype", "pk": 8, "fields": {"app_label": "helper_app", "model": "service_category"}}, {"model": "contenttypes.contenttype", "pk": 9, "fields": {"app_label": "helper_app", "model": "service"}}, {"model": "contenttypes.contenttype", "pk": 10, "fields": {"app_label": "helper_app", "model": "otpverification"}}, {"model": "contenttypes.contenttype", "pk": 11, "fields": {"app_label": "helper_app", "model": "vendor"}}, {"model": "contenttypes.contenttype", "pk": 12, "fields": {"app_label": "dyanamic_app", "model": "pages_content"}}, {"model": "contenttypes.contenttype", "pk": 13, "fields": {"app_label": "knox", "model": "authtoken"}}, {"model": "sessions.session", "pk": "0m7mt1kwlvdsk27kcvwmvbblnn3cfbie", "fields": {"session_data": "e30:1oNuim:BmJNKpFHRw_WEzLDdaL2a5HxFg1wdVVlo_QwionUC38", "expire_date": "2022-08-30T11:26:56.318Z"}}, {"model": "sessions.session", "pk": "3tr4n39gvebaelf6hngle4oy01616ams", "fields": {"session_data": ".eJxVjMsOwiAQRf-FtSHAdGB06b7fQIZHpWogKe3K-O_apAvd3nPOfQnP21r81vPi5yQuQovT7xY4PnLdQbpzvTUZW12XOchdkQftcmwpP6-H-3dQuJdvDXkKBMkq0opTJtYWiBEtIEAczloRhoQ8OEvBcHSGIVikCZ1W1rB4fwDOkDcI:1oNZpL:vKTvN7venvlTJninpsBys5U1zIBHMh6-m-i0rVsDedg", "expire_date": "2022-08-29T13:08:19.170Z"}}, {"model": "sessions.session", "pk": "9livodrnp4hsrn0nkm5k1y91orcbs151", "fields": {"session_data": "e30:1oNukf:9V2srJR4ywww2oU9xhikzqgk9ahUs-1p3z5aTpE5oLc", "expire_date": "2022-08-30T11:28:53.036Z"}}, {"model": "sessions.session", "pk": "ap1c906uplta0o2defuaq9wk2s655dw7", "fields": {"session_data": ".eJxVjMsOwiAQRf-FtSHAdGB06b7fQIZHpWogKe3K-O_apAvd3nPOfQnP21r81vPi5yQuQovT7xY4PnLdQbpzvTUZW12XOchdkQftcmwpP6-H-3dQuJdvDXkKBMkq0opTJtYWiBEtIEAczloRhoQ8OEvBcHSGIVikCZ1W1rB4fwDOkDcI:1oSb8L:7qevgLkPZeDv9ElXSD00VPbablNGtPOweH0hbs-VBLo", "expire_date": "2022-09-12T09:32:41.520Z"}}, {"model": "sessions.session", "pk": "ikthxuc0iyvo69q3ol8s1u2fiw4ys2c3", "fields": {"session_data": ".eJxVjMsOwiAQRf-FtSHAdGB06b7fQIZHpWogKe3K-O_apAvd3nPOfQnP21r81vPi5yQuQovT7xY4PnLdQbpzvTUZW12XOchdkQftcmwpP6-H-3dQuJdvDXkKBMkq0opTJtYWiBEtIEAczloRhoQ8OEvBcHSGIVikCZ1W1rB4fwDOkDcI:1oQS4w:zuGSw_-4-hyHMHhqtrr6gaaveonW1OpmQnLtQCNc8xY", "expire_date": "2022-09-06T11:28:18.870Z"}}, {"model": "sessions.session", "pk": "lr52b6slu612bbp1fgjk9zbw9llefws8", "fields": {"session_data": ".eJxVjDsOgzAQRO_iOrLwF5wyPWewdtdLTBIZCUMV5e7BEkUy5bw38xYR9i3HvfIa5ySuwonLb4dATy4NpAeU-yJpKds6o2yKPGmV45L4dTvdv4MMNbc1ESdSJuhgjdWoUGtK7IlwIq97QAvOWd8FHPiwegXUHfEDTMoYKz5fAWg35Q:1oQS9F:mAC6Llc-NumD0G3dofsKQO3Os9q3kFLsNCAnHghiDAM", "expire_date": "2022-09-06T11:32:45.233Z"}}, {"model": "sessions.session", "pk": "o1cjr6eqsjbk3qkeicszhidpitkbrgqz", "fields": {"session_data": ".eJxVjMsOwiAQRf-FtSHAdGB06b7fQIZHpWogKe3K-O_apAvd3nPOfQnP21r81vPi5yQuQovT7xY4PnLdQbpzvTUZW12XOchdkQftcmwpP6-H-3dQuJdvDXkKBMkq0opTJtYWiBEtIEAczloRhoQ8OEvBcHSGIVikCZ1W1rB4fwDOkDcI:1oNoOG:r9jr93hzRpau4THpTsdAomXzokmCd2F6tLsj_vlrubo", "expire_date": "2022-08-30T04:41:20.602Z"}}, {"model": "sessions.session", "pk": "v38f7tcm0f6gv1e76m5ugd0q0u1uqlr6", "fields": {"session_data": ".eJxVjEsOAiEQBe_C2hBaPg0u3XsG0jQoowaSYWZlvLtOMgvdvqp6LxFpXWpcR5njlMVJGHH43RLxo7QN5Du1W5fc2zJPSW6K3OmQl57L87y7fweVRv3WR100EmcVFCA6pQ1CKs4CKEbnjbEuQaCE6socktcBIQP7bJkYjBPvD7eINww:1oOCGd:fdISVzls_wpM_pOQLVZJ4nfCShobj6Z64bzeDT_YDNA", "expire_date": "2022-08-31T06:11:03.734Z"}}, {"model": "helper_app.user", "pk": 1, "fields": {"last_login": "2022-08-29T09:32:41.516Z", "is_superuser": true, "first_name": "Admin", "last_name": "", "is_staff": true, "is_active": true, "date_joined": "2022-08-15T13:08:05.202Z", "password": "pbkdf2_sha256$390000$5J1C2NPBJMvdzZGX83Swt5$lbUfNgaII8vJWd2XljTDs+ymSk/TP61ZZY5UH2K35rQ=", "email": "admin@gmail.com", "user_type": "buyer", "mobileno": null, "state": null, "city": null, "profession": null, "is_vendor_approved": false, "groups": [], "user_permissions": []}}, {"model": "helper_app.user", "pk": 2, "fields": {"last_login": "2022-08-29T08:44:13.219Z", "is_superuser": false, "first_name": "Yash Prajapati", "last_name": "", "is_staff": false, "is_active": true, "date_joined": "2022-08-16T09:09:48Z", "password": null, "email": "yash260801@gmail.com", "user_type": "vendor", "mobileno": 9998229363, "state": "Gujarat", "city": "Ahmedabad", "profession": "Carpenter", "is_vendor_approved": true, "groups": [], "user_permissions": []}}, {"model": "helper_app.user", "pk": 3, "fields": {"last_login": null, "is_superuser": false, "first_name": "Dharm Gohel", "last_name": "", "is_staff": false, "is_active": true, "date_joined": "2022-08-16T10:50:05.730Z", "password": null, "email": "dharam@gmail.com", "user_type": "vendor", "mobileno": 8545212455, "state": "Gujarat", "city": "Ahmedabad", "profession": "Developer", "is_vendor_approved": true, "groups": [], "user_permissions": []}}, {"model": "helper_app.user", "pk": 4, "fields": {"last_login": "2022-08-17T06:11:06.062Z", "is_superuser": false, "first_name": "vipul", "last_name": "", "is_staff": false, "is_active": true, "date_joined": "2022-08-17T06:08:21.071Z", "password": null, "email": "vipul@gmail.com", "user_type": "vendor", "mobileno": 7878787877, "state": "Gujarat", "city": "surat", "profession": "plumber", "is_vendor_approved": true, "groups": [], "user_permissions": []}}, {"model": "helper_app.user", "pk": 5, "fields": {"last_login": "2022-08-23T11:32:45.231Z", "is_superuser": false, "first_name": "", "last_name": "", "is_staff": false, "is_active": true, "date_joined": "2022-08-23T11:27:39.621Z", "password": "pbkdf2_sha256$390000$lTLjf7KwDxy345OUr8Hllx$OsRiwJAGLtDZbunyfrX2hqIbSXEwAV/t2C9fD8s9sDk=", "email": "draj@gmail.com", "user_type": "buyer", "mobileno": null, "state": null, "city": null, "profession": null, "is_vendor_approved": false, "groups": [], "user_permissions": []}}, {"model": "helper_app.user", "pk": 6, "fields": {"last_login": null, "is_superuser": false, "first_name": "", "last_name": "", "is_staff": false, "is_active": true, "date_joined": "2022-08-23T11:58:18.509Z", "password": "pbkdf2_sha256$390000$HwhRzWJ4usLlJw0Sd8r39w$47c5AWd/TZshULX4esKr+P56n4OVMQUaULBdfttOpbQ=", "email": "lava@yopmail.com", "user_type": "buyer", "mobileno": null, "state": null, "city": null, "profession": null, "is_vendor_approved": false, "groups": [], "user_permissions": []}}, {"model": "helper_app.user", "pk": 7, "fields": {"last_login": "2022-08-25T10:23:58.669Z", "is_superuser": false, "first_name": "", "last_name": "", "is_staff": false, "is_active": true, "date_joined": "2022-08-25T10:23:40.163Z", "password": null, "email": "yash260801a@gmail.com", "user_type": "buyer", "mobileno": null, "state": null, "city": null, "profession": null, "is_vendor_approved": false, "groups": [], "user_permissions": []}}, {"model": "helper_app.user", "pk": 8, "fields": {"last_login": "2022-08-29T08:45:16.774Z", "is_superuser": false, "first_name": "", "last_name": "", "is_staff": false, "is_active": true, "date_joined": "2022-08-29T08:45:05.602Z", "password": null, "email": "jio@gmail.com", "user_type": "buyer", "mobileno": null, "state": null, "city": null, "profession": null, "is_vendor_approved": false, "groups": [], "user_permissions": []}}, {"model": "helper_app.otpverification", "pk": 1, "fields": {"user": 2, "otp": "242227"}}, {"model": "helper_app.otpverification", "pk": 2, "fields": {"user": 4, "otp": "480728"}}, {"model": "helper_app.otpverification", "pk": 3, "fields": {"user": 1, "otp": "613324"}}, {"model": "helper_app.otpverification", "pk": 4, "fields": {"user": 7, "otp": "991824"}}, {"model": "helper_app.otpverification", "pk": 5, "fields": {"user": 8, "otp": "217395"}}, {"model": "helper_app.service_category", "pk": 1, "fields": {"category_name": "Plumbers", "category_image": "profile/plumbers.jpeg", "slug": "plub"}}, {"model": "helper_app.service_category", "pk": 2, "fields": {"category_name": "Cleaning and Pest Control", "category_image": "profile/CLEAN.jpeg", "slug": "clean"}}, {"model": "helper_app.service_category", "pk": 3, "fields": {"category_name": "Salon and Spa", "category_image": "profile/salon.jpg", "slug": "salon"}}, {"model": "helper_app.service_category", "pk": 4, "fields": {"category_name": "Carpenters", "category_image": "profile/carpenters.jpg", "slug": "carp"}}, {"model": "helper_app.service_category", "pk": 5, "fields": {"category_name": "Electricians", "category_image": "profile/electricians.jpg", "slug": "elect"}}, {"model": "helper_app.service_category", "pk": 6, "fields": {"category_name": "AC / Appliance Repair", "category_image": "profile/ac.jpg", "slug": "ac-appliance-repair"}}, {"model": "helper_app.service_category", "pk": 7, "fields": {"category_name": "Home Painting", "category_image": "profile/wallpainter.jpg", "slug": "home-painting"}}, {"model": "helper_app.service_category", "pk": 8, "fields": {"category_name": "Men Theraples", "category_image": "profile/theripist.jpg", "slug": "men-theraples"}}, {"model": "helper_app.service", "pk": 1, "fields": {"service_image": "service/ac.jpg", "category": 6, "service_name": "Deep clean AC service (window)", "price": 499.0, "service_time": 45, "description": "- Get 2x deeper dust removal with unique foam jet technology\r\n- Recommended for Acs Serviced more than 6 months ago", "city": "Ahmedabad", "location": "23.0216238,72.5797068", "is_approved": true, "is_active": true, "vendor": 2}}, {"model": "helper_app.service", "pk": 2, "fields": {"service_image": "service/salon.png", "category": 3, "service_name": "Glow Getter", "price": 1499.0, "service_time": 85, "description": "- upper lip threading \r\n- O3+ shine & glow facial", "city": "Ahmedabad", "location": "23.0216238,72.5797068", "is_approved": true, "is_active": true, "vendor": 2}}, {"model": "helper_app.service", "pk": 4, "fields": {"service_image": "service/electricians.jpg", "category": 5, "service_name": "Switches Repair/Change", "price": 399.0, "service_time": 45, "description": "- 100% satisfaction work provided \r\n- 30 days warranty", "city": "Ahmedabad", "location": "23.0216238,72.5797068", "is_approved": true, "is_active": true, "vendor": 2}}, {"model": "helper_app.service", "pk": 5, "fields": {"service_image": "service/download.jpeg", "category": 2, "service_name": "Pest Controlling in Home", "price": 699.0, "service_time": 45, "description": "- 100% satisfied work provided\r\n - only cover home area not outside of home covered", "city": "Ahmedabad", "location": "23.0216238,72.5797068", "is_approved": true, "is_active": true, "vendor": 2}}, {"model": "helper_app.service", "pk": 6, "fields": {"service_image": "default.png", "category": 6, "service_name": "Full AC Repair (window/split)", "price": 1200.0, "service_time": 90, "description": "- Full AC Repairing \r\n- warranty provided for 30 days", "city": "kolkata", "location": "22.5414185,88.35769124388872", "is_approved": true, "is_active": true, "vendor": 2}}, {"model": "helper_app.service", "pk": 9, "fields": {"service_image": "service/salon.jpg", "category": 3, "service_name": "Spa for women's", "price": 550.0, "service_time": 60, "description": "- this service only for women's \r\n- limited time", "city": "Ahmedabad", "location": "23.0216238,72.5797068", "is_approved": true, "is_active": true, "vendor": 2}}, {"model": "helper_app.service", "pk": 10, "fields": {"service_image": "service/carpenters.jpg", "category": 4, "service_name": "Tables & Chair Repair", "price": 399.0, "service_time": 85, "description": "- we can made or rapir chair & tables \r\n- service price only for repair not parts expences included", "city": "junagadh", "location": "21.5174104,70.4642754", "is_approved": true, "is_active": true, "vendor": 2}}, {"model": "helper_app.service", "pk": 11, "fields": {"service_image": "service/html.jpeg", "category": 4, "service_name": "Office Chair Rapier", "price": 599.0, "service_time": 90, "description": "- only repair charge not parts available or included", "city": "mumbai", "location": "19.0785451,72.878176", "is_approved": true, "is_active": true, "vendor": 2}}, {"model": "helper_app.service", "pk": 15, "fields": {"service_image": "service/aboutus_Qvjf9PF.jpg", "category": 2, "service_name": "Cleaning Home", "price": 289.0, "service_time": 60, "description": "- cleaning home only not other work included like change furniture location etc.", "city": "Ahmedabad", "location": "23.0216238,72.5797068", "is_approved": true, "is_active": true, "vendor": 2}}, {"model": "helper_app.location", "pk": 15, "fields": {"name": "test", "data": "[\"[71.35187567270569, 26.897179664365765]\", \"[71.35187567270569, 24.560081321527477]\", \"[75.11066096949776, 25.644446745330683]\", \"[74.3788620621574, 28.341303994613213]\", \"[71.35187567270569, 26.897179664365765]\"]", "saved_at": "2022-08-16T04:54:12.230Z"}}, {"model": "helper_app.location", "pk": 16, "fields": {"name": "test", "data": "[\"[73.54059522750413, 24.25176550589802]\", \"[72.94538933031282, 23.868262246213035]\", \"[73.27262374132289, 23.325188139496746]\", \"[73.61016474795389, 23.637140499260568]\", \"[73.74672713995056, 23.92009022980342]\", \"[73.43237597346888, 23.887111188607676]\", \"[73.54059522750413, 24.25176550589802]\"]", "saved_at": "2022-08-16T04:54:33.173Z"}}, {"model": "helper_app.location", "pk": 17, "fields": {"name": "test", "data": "[\"[73.02268879748058, 24.240018673224085]\", \"[72.72637417333789, 24.040156914910057]\", \"[72.84232337408957, 23.828199134297094]\", \"[73.06906847778092, 23.816413510142297]\", \"[73.48133230267527, 24.044863130287965]\", \"[73.46071911143036, 24.36682699378676]\", \"[73.17728773181616, 24.150707332549814]\", \"[73.02268879748058, 24.240018673224085]\"]", "saved_at": "2022-08-16T04:54:42.581Z"}}, {"model": "helper_app.location", "pk": 20, "fields": {"name": "test", "data": "[\"[71.55846309218785, 23.990801524274517]\", \"[70.7993026261415, 21.984493854185928]\", \"[73.44411973365865, 22.097990029742206]\", \"[73.93390067949352, 24.437489407342085]\", \"[71.55846309218785, 23.990801524274517]\"]", "saved_at": "2022-08-23T10:50:32.949Z"}}, {"model": "helper_app.location", "pk": 25, "fields": {"name": "test", "data": "[\"[-91.90421240234313, 42.772665169923954]\", \"[-91.84001104736294, 42.784760824544094]\", \"[-91.83039801025379, 42.751996294039145]\", \"[-91.91228048706043, 42.72892471365344]\", \"[-91.90421240234313, 42.772665169923954]\"]", "saved_at": "2022-08-29T09:32:18.575Z"}}, {"model": "dyanamic_app.pages_content", "pk": 1, "fields": {"name": "how_we_do_it", "content": "<div class=\"align-items-center support-wrapper\">\r\n<div class=\"right-content2\"><!-- img -->\r\n<div class=\"right-img\"><img alt=\"\" src=\"/static/img/gallery/aboutus.jpg\" /></div>\r\n</div>\r\n\r\n<div class=\"left-content2\"><!-- section tittle -->\r\n<div class=\"mb-20 section-tittle section-tittle2\">\r\n<div class=\"front-text\">\r\n<h2>How We do it</h2>\r\n\r\n<p>Helper Company provides a platform that allows skilled and experienced professionals to connect with users looking for specific services. Once on the platform, our match-making algorithm identifies professionals who are closest to the users&rsquo; requirements and available at the requested time and date.</p>\r\n<a class=\"btn\" href=\"#\">Join now for Free</a></div>\r\n</div>\r\n</div>\r\n</div>"}}, {"model": "dyanamic_app.pages_content", "pk": 2, "fields": {"name": "what_we_are", "content": "<div class=\"align-items-center support-wrapper\">\r\n<div class=\"left-content1\">\r\n<div class=\"about-icon\"><img alt=\"\" src=\"/static/img/icon/about.svg\" /></div>\r\n<!-- section tittle -->\r\n\r\n<div class=\"mb-55 section-tittle section-tittle2\">\r\n<div class=\"front-text\">\r\n<h2>What we are</h2>\r\n\r\n<p>Helper Company is Asia&#39;s largest online home services platform. Launched in 2014, Urban Company today operates in India, Australia, Singapore, the USA, the UAE and The Kingdom of Saudi Arabia. The platform helps customers book reliable &amp; high quality services - beauty treatments, massages, haircuts, home cleaning, handymen, appliance repair, painting, pest control and more &ndash; delivered by trained professionals conveniently at home. Helper Company&#39;s vision is to empower millions of professionals worldwide to deliver services at home like never experienced before. The Company raised Series F funding of USD 255 million in April 2021. The Series F round was led by new investors - Prosus Ventures, Dragoneer and Wellington Management with participation from existing investors.</p>\r\n</div>\r\n</div>\r\n</div>\r\n\r\n<div class=\"right-content1\"><!-- img -->\r\n<div class=\"right-img\"><img alt=\"\" src=\"/static/img/gallery/about3.png\" />\r\n<div class=\"video-icon\">&nbsp;</div>\r\n</div>\r\n</div>\r\n</div>"}}, {"model": "knox.authtoken", "pk": "0fba979d3d57bbad90246f9eb379d180e9cddd0507c26958d0226fffe9848b9dd74a30d42580eaa5b22f859c715b5fc9c67484fcde0608646f2fb25bd898a517", "fields": {"token_key": "a338265e", "user": 5, "created": "2022-08-23T11:27:40.130Z", "expiry": "2022-08-23T21:27:40.129Z"}}, {"model": "knox.authtoken", "pk": "8a7160fd1348dbc2e5a8829ab55ecf0d25edddf63b479f317d7ef4d10fb0475556fa0f404dad4211fb692531f347dc0e3f741f0ed2bfb9cbc7770bbc66c6fd6a", "fields": {"token_key": "7bba570d", "user": 6, "created": "2022-08-23T11:58:18.820Z", "expiry": "2022-08-23T21:58:18.820Z"}}, {"model": "knox.authtoken", "pk": "96d342e32cc1ece5eaebdc6a449034d76ed8059d8e342e8d75b42b9b39cd0b8969afe55c575437a7ecb56c79b5466e45bee8ae18f762f3c09318170f77a5decf", "fields": {"token_key": "1173351c", "user": 5, "created": "2022-08-23T11:32:45.229Z", "expiry": "2022-08-23T21:32:45.228Z"}}]